# Take GHG emissions for the energy system, filter to include only resources,,,,,
# in model base years, and rename to regional SO2.,,,,,
region,resource,subresource,technology,year,Non.CO2,emiss.coef
USA,coal,coal,coal,1975,CH4,0.191830215
USA,coal,coal,coal,1975,N2O,0
USA,crude oil,crude oil,crude oil,1975,CH4,0.246410238
USA,crude oil,crude oil,crude oil,1975,N2O,0
USA,natural gas,natural gas,natural gas,1975,CH4,0.246410238
USA,natural gas,natural gas,natural gas,1975,N2O,0
USA,coal,coal,coal,1990,CH4,0.184910272
USA,coal,coal,coal,1990,N2O,0
USA,crude oil,crude oil,crude oil,1990,CH4,0.265898138
USA,crude oil,crude oil,crude oil,1990,N2O,0
USA,natural gas,natural gas,natural gas,1990,CH4,0.265898138
USA,natural gas,natural gas,natural gas,1990,N2O,0
USA,coal,coal,coal,2005,CH4,0.119466553
USA,coal,coal,coal,2005,N2O,0
USA,crude oil,crude oil,crude oil,2005,CH4,0.262726644
USA,crude oil,crude oil,crude oil,2005,N2O,0
USA,natural gas,natural gas,natural gas,2005,CH4,0.262726644
USA,natural gas,natural gas,natural gas,2005,N2O,0
USA,coal,coal,coal,2010,CH4,0.161925408
USA,coal,coal,coal,2010,N2O,0
USA,crude oil,crude oil,crude oil,2010,CH4,0.2145142
USA,crude oil,crude oil,crude oil,2010,N2O,7.87E-07
USA,natural gas,natural gas,natural gas,2010,CH4,0.2145142
USA,natural gas,natural gas,natural gas,2010,N2O,7.87E-07
USA,coal,coal,coal,2015,CH4,0.152080265
USA,coal,coal,coal,2015,N2O,0
USA,crude oil,crude oil,crude oil,2015,CH4,0.14935169
USA,crude oil,crude oil,crude oil,2015,N2O,0
USA,natural gas,natural gas,natural gas,2015,CH4,0.14935169
USA,natural gas,natural gas,natural gas,2015,N2O,0
Africa_Eastern,coal,coal,coal,1975,CH4,0.491185455
Africa_Eastern,coal,coal,coal,1975,N2O,0
Africa_Eastern,crude oil,crude oil,crude oil,1975,CH4,0.392040911
Africa_Eastern,crude oil,crude oil,crude oil,1975,N2O,0
Africa_Eastern,natural gas,natural gas,natural gas,1975,CH4,0.397931523
Africa_Eastern,natural gas,natural gas,natural gas,1975,N2O,0
Africa_Eastern,coal,coal,coal,1990,CH4,0.382951108
Africa_Eastern,coal,coal,coal,1990,N2O,0
Africa_Eastern,crude oil,crude oil,crude oil,1990,CH4,0.452815391
Africa_Eastern,crude oil,crude oil,crude oil,1990,N2O,0
Africa_Eastern,natural gas,natural gas,natural gas,1990,CH4,0.442162796
Africa_Eastern,natural gas,natural gas,natural gas,1990,N2O,0
Africa_Eastern,coal,coal,coal,2005,CH4,0.266570496
Africa_Eastern,coal,coal,coal,2005,N2O,0
Africa_Eastern,crude oil,crude oil,crude oil,2005,CH4,0.073453473
Africa_Eastern,crude oil,crude oil,crude oil,2005,N2O,0
Africa_Eastern,natural gas,natural gas,natural gas,2005,CH4,0.073453473
Africa_Eastern,natural gas,natural gas,natural gas,2005,N2O,0
Africa_Eastern,coal,coal,coal,2010,CH4,0.270226267
Africa_Eastern,coal,coal,coal,2010,N2O,0
Africa_Eastern,crude oil,crude oil,crude oil,2010,CH4,0.068760593
Africa_Eastern,crude oil,crude oil,crude oil,2010,N2O,0
Africa_Eastern,natural gas,natural gas,natural gas,2010,CH4,0.068760593
Africa_Eastern,natural gas,natural gas,natural gas,2010,N2O,0
Africa_Eastern,coal,coal,coal,2015,CH4,0.256594838
Africa_Eastern,coal,coal,coal,2015,N2O,0
Africa_Eastern,crude oil,crude oil,crude oil,2015,CH4,0.10840066
Africa_Eastern,crude oil,crude oil,crude oil,2015,N2O,0
Africa_Eastern,natural gas,natural gas,natural gas,2015,CH4,0.10840066
Africa_Eastern,natural gas,natural gas,natural gas,2015,N2O,0
Africa_Northern,coal,coal,coal,1975,CH4,0.491185455
Africa_Northern,coal,coal,coal,1975,N2O,0
Africa_Northern,crude oil,crude oil,crude oil,1975,CH4,0.392040911
Africa_Northern,crude oil,crude oil,crude oil,1975,N2O,0
Africa_Northern,natural gas,natural gas,natural gas,1975,CH4,0.397931523
Africa_Northern,natural gas,natural gas,natural gas,1975,N2O,0
Africa_Northern,coal,coal,coal,1990,CH4,0.382951108
Africa_Northern,coal,coal,coal,1990,N2O,0
Africa_Northern,crude oil,crude oil,crude oil,1990,CH4,0.452815391
Africa_Northern,crude oil,crude oil,crude oil,1990,N2O,0
Africa_Northern,natural gas,natural gas,natural gas,1990,CH4,0.442162796
Africa_Northern,natural gas,natural gas,natural gas,1990,N2O,0
Africa_Northern,coal,coal,coal,2005,CH4,0.266570496
Africa_Northern,coal,coal,coal,2005,N2O,0
Africa_Northern,crude oil,crude oil,crude oil,2005,CH4,0.380829137
Africa_Northern,crude oil,crude oil,crude oil,2005,N2O,0
Africa_Northern,natural gas,natural gas,natural gas,2005,CH4,0.332724508
Africa_Northern,natural gas,natural gas,natural gas,2005,N2O,0
Africa_Northern,coal,coal,coal,2010,CH4,0.270226267
Africa_Northern,coal,coal,coal,2010,N2O,0
Africa_Northern,crude oil,crude oil,crude oil,2010,CH4,0.337132965
Africa_Northern,crude oil,crude oil,crude oil,2010,N2O,7.87E-07
Africa_Northern,natural gas,natural gas,natural gas,2010,CH4,0.300110342
Africa_Northern,natural gas,natural gas,natural gas,2010,N2O,7.87E-07
Africa_Northern,coal,coal,coal,2015,CH4,0.256594838
Africa_Northern,coal,coal,coal,2015,N2O,0
Africa_Northern,crude oil,crude oil,crude oil,2015,CH4,0.354957542
Africa_Northern,crude oil,crude oil,crude oil,2015,N2O,0
Africa_Northern,natural gas,natural gas,natural gas,2015,CH4,0.337804658
Africa_Northern,natural gas,natural gas,natural gas,2015,N2O,0
Africa_Southern,coal,coal,coal,1975,CH4,0.491185455
Africa_Southern,coal,coal,coal,1975,N2O,0
Africa_Southern,crude oil,crude oil,crude oil,1975,CH4,0.392040911
Africa_Southern,crude oil,crude oil,crude oil,1975,N2O,0
Africa_Southern,natural gas,natural gas,natural gas,1975,CH4,0.397931523
Africa_Southern,natural gas,natural gas,natural gas,1975,N2O,0
Africa_Southern,coal,coal,coal,1990,CH4,0.382951108
Africa_Southern,coal,coal,coal,1990,N2O,0
Africa_Southern,crude oil,crude oil,crude oil,1990,CH4,0.452815391
Africa_Southern,crude oil,crude oil,crude oil,1990,N2O,0
Africa_Southern,natural gas,natural gas,natural gas,1990,CH4,0.442162796
Africa_Southern,natural gas,natural gas,natural gas,1990,N2O,0
Africa_Southern,coal,coal,coal,2005,CH4,0.266570496
Africa_Southern,coal,coal,coal,2005,N2O,0
Africa_Southern,crude oil,crude oil,crude oil,2005,CH4,0.315085505
Africa_Southern,crude oil,crude oil,crude oil,2005,N2O,0
Africa_Southern,natural gas,natural gas,natural gas,2005,CH4,0.315085505
Africa_Southern,natural gas,natural gas,natural gas,2005,N2O,0
Africa_Southern,coal,coal,coal,2010,CH4,0.270226267
Africa_Southern,coal,coal,coal,2010,N2O,0
Africa_Southern,crude oil,crude oil,crude oil,2010,CH4,0.209564351
Africa_Southern,crude oil,crude oil,crude oil,2010,N2O,7.87E-07
Africa_Southern,natural gas,natural gas,natural gas,2010,CH4,0.209564351
Africa_Southern,natural gas,natural gas,natural gas,2010,N2O,7.87E-07
Africa_Southern,coal,coal,coal,2015,CH4,0.256594838
Africa_Southern,coal,coal,coal,2015,N2O,0
Africa_Southern,crude oil,crude oil,crude oil,2015,CH4,0.250745392
Africa_Southern,crude oil,crude oil,crude oil,2015,N2O,0
Africa_Southern,natural gas,natural gas,natural gas,2015,CH4,0.250745392
Africa_Southern,natural gas,natural gas,natural gas,2015,N2O,0
Africa_Western,coal,coal,coal,1975,CH4,0.491185455
Africa_Western,coal,coal,coal,1975,N2O,0
Africa_Western,crude oil,crude oil,crude oil,1975,CH4,0.392040911
Africa_Western,crude oil,crude oil,crude oil,1975,N2O,0
Africa_Western,natural gas,natural gas,natural gas,1975,CH4,0.397931523
Africa_Western,natural gas,natural gas,natural gas,1975,N2O,0
Africa_Western,coal,coal,coal,1990,CH4,0.382951108
Africa_Western,coal,coal,coal,1990,N2O,0
Africa_Western,crude oil,crude oil,crude oil,1990,CH4,0.452815391
Africa_Western,crude oil,crude oil,crude oil,1990,N2O,0
Africa_Western,natural gas,natural gas,natural gas,1990,CH4,0.442162796
Africa_Western,natural gas,natural gas,natural gas,1990,N2O,0
Africa_Western,coal,coal,coal,2005,CH4,0.266570496
Africa_Western,coal,coal,coal,2005,N2O,0
Africa_Western,crude oil,crude oil,crude oil,2005,CH4,0.380829137
Africa_Western,crude oil,crude oil,crude oil,2005,N2O,0
Africa_Western,natural gas,natural gas,natural gas,2005,CH4,0.332724508
Africa_Western,natural gas,natural gas,natural gas,2005,N2O,0
Africa_Western,coal,coal,coal,2010,CH4,0.270226267
Africa_Western,coal,coal,coal,2010,N2O,0
Africa_Western,crude oil,crude oil,crude oil,2010,CH4,0.337132965
Africa_Western,crude oil,crude oil,crude oil,2010,N2O,7.87E-07
Africa_Western,natural gas,natural gas,natural gas,2010,CH4,0.300110342
Africa_Western,natural gas,natural gas,natural gas,2010,N2O,7.87E-07
Africa_Western,coal,coal,coal,2015,CH4,0.256594838
Africa_Western,coal,coal,coal,2015,N2O,0
Africa_Western,crude oil,crude oil,crude oil,2015,CH4,0.354957542
Africa_Western,crude oil,crude oil,crude oil,2015,N2O,0
Africa_Western,natural gas,natural gas,natural gas,2015,CH4,0.337804658
Africa_Western,natural gas,natural gas,natural gas,2015,N2O,0
Australia_NZ,coal,coal,coal,1975,CH4,0.278240523
Australia_NZ,coal,coal,coal,1975,N2O,0
Australia_NZ,crude oil,crude oil,crude oil,1975,CH4,0.077891403
Australia_NZ,crude oil,crude oil,crude oil,1975,N2O,0
Australia_NZ,natural gas,natural gas,natural gas,1975,CH4,0.077891403
Australia_NZ,natural gas,natural gas,natural gas,1975,N2O,0
Australia_NZ,coal,coal,coal,1990,CH4,0.191819986
Australia_NZ,coal,coal,coal,1990,N2O,0
Australia_NZ,crude oil,crude oil,crude oil,1990,CH4,0.168413082
Australia_NZ,crude oil,crude oil,crude oil,1990,N2O,0
Australia_NZ,natural gas,natural gas,natural gas,1990,CH4,0.168413082
Australia_NZ,natural gas,natural gas,natural gas,1990,N2O,0
Australia_NZ,coal,coal,coal,2005,CH4,0.133025629
Australia_NZ,coal,coal,coal,2005,N2O,0
Australia_NZ,crude oil,crude oil,crude oil,2005,CH4,0.104793448
Australia_NZ,crude oil,crude oil,crude oil,2005,N2O,0
Australia_NZ,natural gas,natural gas,natural gas,2005,CH4,0.104793448
Australia_NZ,natural gas,natural gas,natural gas,2005,N2O,0
Australia_NZ,coal,coal,coal,2010,CH4,0.120771993
Australia_NZ,coal,coal,coal,2010,N2O,0
Australia_NZ,crude oil,crude oil,crude oil,2010,CH4,0.088525584
Australia_NZ,crude oil,crude oil,crude oil,2010,N2O,0
Australia_NZ,natural gas,natural gas,natural gas,2010,CH4,0.088525584
Australia_NZ,natural gas,natural gas,natural gas,2010,N2O,0
Australia_NZ,coal,coal,coal,2015,CH4,0.106595361
Australia_NZ,coal,coal,coal,2015,N2O,0
Australia_NZ,crude oil,crude oil,crude oil,2015,CH4,0.106300347
Australia_NZ,crude oil,crude oil,crude oil,2015,N2O,0
Australia_NZ,natural gas,natural gas,natural gas,2015,CH4,0.106300347
Australia_NZ,natural gas,natural gas,natural gas,2015,N2O,0
Brazil,coal,coal,coal,1975,CH4,0.491185455
Brazil,coal,coal,coal,1975,N2O,0
Brazil,crude oil,crude oil,crude oil,1975,CH4,0.392040911
Brazil,crude oil,crude oil,crude oil,1975,N2O,0
Brazil,natural gas,natural gas,natural gas,1975,CH4,0.397931523
Brazil,natural gas,natural gas,natural gas,1975,N2O,0
Brazil,coal,coal,coal,1990,CH4,0.382951108
Brazil,coal,coal,coal,1990,N2O,0
Brazil,crude oil,crude oil,crude oil,1990,CH4,0.369932591
Brazil,crude oil,crude oil,crude oil,1990,N2O,0
Brazil,natural gas,natural gas,natural gas,1990,CH4,0.369932591
Brazil,natural gas,natural gas,natural gas,1990,N2O,0
Brazil,coal,coal,coal,2005,CH4,0.266570496
Brazil,coal,coal,coal,2005,N2O,0
Brazil,crude oil,crude oil,crude oil,2005,CH4,0.17784275
Brazil,crude oil,crude oil,crude oil,2005,N2O,0
Brazil,natural gas,natural gas,natural gas,2005,CH4,0.17784275
Brazil,natural gas,natural gas,natural gas,2005,N2O,0
Brazil,coal,coal,coal,2010,CH4,0.270226267
Brazil,coal,coal,coal,2010,N2O,0
Brazil,crude oil,crude oil,crude oil,2010,CH4,0.138516523
Brazil,crude oil,crude oil,crude oil,2010,N2O,7.87E-07
Brazil,natural gas,natural gas,natural gas,2010,CH4,0.138516523
Brazil,natural gas,natural gas,natural gas,2010,N2O,7.87E-07
Brazil,coal,coal,coal,2015,CH4,0.256594838
Brazil,coal,coal,coal,2015,N2O,0
Brazil,crude oil,crude oil,crude oil,2015,CH4,0.134580109
Brazil,crude oil,crude oil,crude oil,2015,N2O,0
Brazil,natural gas,natural gas,natural gas,2015,CH4,0.134580109
Brazil,natural gas,natural gas,natural gas,2015,N2O,0
Canada,coal,coal,coal,1975,CH4,0.090256148
Canada,coal,coal,coal,1975,N2O,0
Canada,crude oil,crude oil,crude oil,1975,CH4,0.153353382
Canada,crude oil,crude oil,crude oil,1975,N2O,0
Canada,natural gas,natural gas,natural gas,1975,CH4,0.153353382
Canada,natural gas,natural gas,natural gas,1975,N2O,0
Canada,coal,coal,coal,1990,CH4,0.066730314
Canada,coal,coal,coal,1990,N2O,0
Canada,crude oil,crude oil,crude oil,1990,CH4,0.178598802
Canada,crude oil,crude oil,crude oil,1990,N2O,0
Canada,natural gas,natural gas,natural gas,1990,CH4,0.178598802
Canada,natural gas,natural gas,natural gas,1990,N2O,0
Canada,coal,coal,coal,2005,CH4,0.032960126
Canada,coal,coal,coal,2005,N2O,0
Canada,crude oil,crude oil,crude oil,2005,CH4,0.178967807
Canada,crude oil,crude oil,crude oil,2005,N2O,0
Canada,natural gas,natural gas,natural gas,2005,CH4,0.178967807
Canada,natural gas,natural gas,natural gas,2005,N2O,0
Canada,coal,coal,coal,2010,CH4,0.034569379
Canada,coal,coal,coal,2010,N2O,0
Canada,crude oil,crude oil,crude oil,2010,CH4,0.160394449
Canada,crude oil,crude oil,crude oil,2010,N2O,7.87E-07
Canada,natural gas,natural gas,natural gas,2010,CH4,0.160394449
Canada,natural gas,natural gas,natural gas,2010,N2O,7.87E-07
Canada,coal,coal,coal,2015,CH4,0.03255327
Canada,coal,coal,coal,2015,N2O,0
Canada,crude oil,crude oil,crude oil,2015,CH4,0.177321932
Canada,crude oil,crude oil,crude oil,2015,N2O,0
Canada,natural gas,natural gas,natural gas,2015,CH4,0.177321932
Canada,natural gas,natural gas,natural gas,2015,N2O,0
Central America and Caribbean,coal,coal,coal,1975,CH4,0.491185455
Central America and Caribbean,coal,coal,coal,1975,N2O,0
Central America and Caribbean,crude oil,crude oil,crude oil,1975,CH4,0.392040911
Central America and Caribbean,crude oil,crude oil,crude oil,1975,N2O,0
Central America and Caribbean,natural gas,natural gas,natural gas,1975,CH4,0.392040911
Central America and Caribbean,natural gas,natural gas,natural gas,1975,N2O,0
Central America and Caribbean,coal,coal,coal,1990,CH4,0.382951108
Central America and Caribbean,coal,coal,coal,1990,N2O,0
Central America and Caribbean,crude oil,crude oil,crude oil,1990,CH4,0.452815391
Central America and Caribbean,crude oil,crude oil,crude oil,1990,N2O,0
Central America and Caribbean,natural gas,natural gas,natural gas,1990,CH4,0.442162796
Central America and Caribbean,natural gas,natural gas,natural gas,1990,N2O,0
Central America and Caribbean,coal,coal,coal,2005,CH4,0.266570496
Central America and Caribbean,coal,coal,coal,2005,N2O,0
Central America and Caribbean,crude oil,crude oil,crude oil,2005,CH4,0.297493495
Central America and Caribbean,crude oil,crude oil,crude oil,2005,N2O,0
Central America and Caribbean,natural gas,natural gas,natural gas,2005,CH4,0.297493495
Central America and Caribbean,natural gas,natural gas,natural gas,2005,N2O,0
Central America and Caribbean,coal,coal,coal,2010,CH4,0.270226267
Central America and Caribbean,coal,coal,coal,2010,N2O,0
Central America and Caribbean,crude oil,crude oil,crude oil,2010,CH4,0.300110342
Central America and Caribbean,crude oil,crude oil,crude oil,2010,N2O,7.87E-07
Central America and Caribbean,natural gas,natural gas,natural gas,2010,CH4,0.300110342
Central America and Caribbean,natural gas,natural gas,natural gas,2010,N2O,7.87E-07
Central America and Caribbean,coal,coal,coal,2015,CH4,0.256594838
Central America and Caribbean,coal,coal,coal,2015,N2O,0
Central America and Caribbean,crude oil,crude oil,crude oil,2015,CH4,0.320615298
Central America and Caribbean,crude oil,crude oil,crude oil,2015,N2O,0
Central America and Caribbean,natural gas,natural gas,natural gas,2015,CH4,0.320615298
Central America and Caribbean,natural gas,natural gas,natural gas,2015,N2O,0
Central Asia,coal,coal,coal,1975,CH4,0.011395307
Central Asia,coal,coal,coal,1975,N2O,0
Central Asia,crude oil,crude oil,crude oil,1975,CH4,0.392040911
Central Asia,crude oil,crude oil,crude oil,1975,N2O,0
Central Asia,natural gas,natural gas,natural gas,1975,CH4,0.397931523
Central Asia,natural gas,natural gas,natural gas,1975,N2O,0
Central Asia,coal,coal,coal,1990,CH4,0.382951108
Central Asia,coal,coal,coal,1990,N2O,0
Central Asia,crude oil,crude oil,crude oil,1990,CH4,0.452815391
Central Asia,crude oil,crude oil,crude oil,1990,N2O,0
Central Asia,natural gas,natural gas,natural gas,1990,CH4,0.442162796
Central Asia,natural gas,natural gas,natural gas,1990,N2O,0
Central Asia,coal,coal,coal,2005,CH4,0.266570496
Central Asia,coal,coal,coal,2005,N2O,0
Central Asia,crude oil,crude oil,crude oil,2005,CH4,0.380829137
Central Asia,crude oil,crude oil,crude oil,2005,N2O,0
Central Asia,natural gas,natural gas,natural gas,2005,CH4,0.332724508
Central Asia,natural gas,natural gas,natural gas,2005,N2O,0
Central Asia,coal,coal,coal,2010,CH4,0.270226267
Central Asia,coal,coal,coal,2010,N2O,0
Central Asia,crude oil,crude oil,crude oil,2010,CH4,0.284278849
Central Asia,crude oil,crude oil,crude oil,2010,N2O,7.87E-07
Central Asia,natural gas,natural gas,natural gas,2010,CH4,0.284278849
Central Asia,natural gas,natural gas,natural gas,2010,N2O,7.87E-07
Central Asia,coal,coal,coal,2015,CH4,0.256594838
Central Asia,coal,coal,coal,2015,N2O,0
Central Asia,crude oil,crude oil,crude oil,2015,CH4,0.354957542
Central Asia,crude oil,crude oil,crude oil,2015,N2O,0
Central Asia,natural gas,natural gas,natural gas,2015,CH4,0.337804658
Central Asia,natural gas,natural gas,natural gas,2015,N2O,0
China,coal,coal,coal,1975,CH4,0.417579312
China,coal,coal,coal,1975,N2O,0
China,crude oil,crude oil,crude oil,1975,CH4,0.266314214
China,crude oil,crude oil,crude oil,1975,N2O,0
China,natural gas,natural gas,natural gas,1975,CH4,0.266314214
China,natural gas,natural gas,natural gas,1975,N2O,0
China,coal,coal,coal,1990,CH4,0.335610997
China,coal,coal,coal,1990,N2O,0
China,crude oil,crude oil,crude oil,1990,CH4,0.228028258
China,crude oil,crude oil,crude oil,1990,N2O,0
China,natural gas,natural gas,natural gas,1990,CH4,0.228028258
China,natural gas,natural gas,natural gas,1990,N2O,0
China,coal,coal,coal,2005,CH4,0.266484461
China,coal,coal,coal,2005,N2O,0
China,crude oil,crude oil,crude oil,2005,CH4,0.21052342
China,crude oil,crude oil,crude oil,2005,N2O,0
China,natural gas,natural gas,natural gas,2005,CH4,0.21052342
China,natural gas,natural gas,natural gas,2005,N2O,0
China,coal,coal,coal,2010,CH4,0.250982536
China,coal,coal,coal,2010,N2O,0
China,crude oil,crude oil,crude oil,2010,CH4,0.220185857
China,crude oil,crude oil,crude oil,2010,N2O,7.87E-07
China,natural gas,natural gas,natural gas,2010,CH4,0.220185857
China,natural gas,natural gas,natural gas,2010,N2O,7.87E-07
China,coal,coal,coal,2015,CH4,0.256594838
China,coal,coal,coal,2015,N2O,0
China,crude oil,crude oil,crude oil,2015,CH4,0.236638456
China,crude oil,crude oil,crude oil,2015,N2O,0
China,natural gas,natural gas,natural gas,2015,CH4,0.236638456
China,natural gas,natural gas,natural gas,2015,N2O,0
EU-12,coal,coal,coal,1975,CH4,0.279685634
EU-12,coal,coal,coal,1975,N2O,0
EU-12,crude oil,crude oil,crude oil,1975,CH4,0.392040911
EU-12,crude oil,crude oil,crude oil,1975,N2O,0
EU-12,natural gas,natural gas,natural gas,1975,CH4,0.397931523
EU-12,natural gas,natural gas,natural gas,1975,N2O,0
EU-12,coal,coal,coal,1990,CH4,0.191492555
EU-12,coal,coal,coal,1990,N2O,0
EU-12,crude oil,crude oil,crude oil,1990,CH4,0.433626121
EU-12,crude oil,crude oil,crude oil,1990,N2O,0
EU-12,natural gas,natural gas,natural gas,1990,CH4,0.433626121
EU-12,natural gas,natural gas,natural gas,1990,N2O,0
EU-12,coal,coal,coal,2005,CH4,0.182961171
EU-12,coal,coal,coal,2005,N2O,0
EU-12,crude oil,crude oil,crude oil,2005,CH4,0.380829137
EU-12,crude oil,crude oil,crude oil,2005,N2O,0
EU-12,natural gas,natural gas,natural gas,2005,CH4,0.332724508
EU-12,natural gas,natural gas,natural gas,2005,N2O,0
EU-12,coal,coal,coal,2010,CH4,0.210342196
EU-12,coal,coal,coal,2010,N2O,0
EU-12,crude oil,crude oil,crude oil,2010,CH4,0.337132965
EU-12,crude oil,crude oil,crude oil,2010,N2O,0
EU-12,natural gas,natural gas,natural gas,2010,CH4,0.300110342
EU-12,natural gas,natural gas,natural gas,2010,N2O,0
EU-12,coal,coal,coal,2015,CH4,0.246027038
EU-12,coal,coal,coal,2015,N2O,0
EU-12,crude oil,crude oil,crude oil,2015,CH4,0.354957542
EU-12,crude oil,crude oil,crude oil,2015,N2O,0
EU-12,natural gas,natural gas,natural gas,2015,CH4,0.337804658
EU-12,natural gas,natural gas,natural gas,2015,N2O,0
EU-15,coal,coal,coal,1975,CH4,0.360399519
EU-15,coal,coal,coal,1975,N2O,0
EU-15,crude oil,crude oil,crude oil,1975,CH4,0.107853019
EU-15,crude oil,crude oil,crude oil,1975,N2O,0
EU-15,natural gas,natural gas,natural gas,1975,CH4,0.107853019
EU-15,natural gas,natural gas,natural gas,1975,N2O,0
EU-15,coal,coal,coal,1990,CH4,0.216477336
EU-15,coal,coal,coal,1990,N2O,0
EU-15,crude oil,crude oil,crude oil,1990,CH4,0.143267157
EU-15,crude oil,crude oil,crude oil,1990,N2O,0
EU-15,natural gas,natural gas,natural gas,1990,CH4,0.143267157
EU-15,natural gas,natural gas,natural gas,1990,N2O,0
EU-15,coal,coal,coal,2005,CH4,0.122330198
EU-15,coal,coal,coal,2005,N2O,0
EU-15,crude oil,crude oil,crude oil,2005,CH4,0.089070027
EU-15,crude oil,crude oil,crude oil,2005,N2O,0
EU-15,natural gas,natural gas,natural gas,2005,CH4,0.089070027
EU-15,natural gas,natural gas,natural gas,2005,N2O,0
EU-15,coal,coal,coal,2010,CH4,0.072390519
EU-15,coal,coal,coal,2010,N2O,0
EU-15,crude oil,crude oil,crude oil,2010,CH4,0.089542843
EU-15,crude oil,crude oil,crude oil,2010,N2O,0
EU-15,natural gas,natural gas,natural gas,2010,CH4,0.089542843
EU-15,natural gas,natural gas,natural gas,2010,N2O,0
EU-15,coal,coal,coal,2015,CH4,0.09289622
EU-15,coal,coal,coal,2015,N2O,0
EU-15,crude oil,crude oil,crude oil,2015,CH4,0.13530278
EU-15,crude oil,crude oil,crude oil,2015,N2O,0
EU-15,natural gas,natural gas,natural gas,2015,CH4,0.13530278
EU-15,natural gas,natural gas,natural gas,2015,N2O,0
Europe_Eastern,coal,coal,coal,1975,CH4,8.94E-04
Europe_Eastern,coal,coal,coal,1975,N2O,0
Europe_Eastern,crude oil,crude oil,crude oil,1975,CH4,0.023860138
Europe_Eastern,crude oil,crude oil,crude oil,1975,N2O,0
Europe_Eastern,natural gas,natural gas,natural gas,1975,CH4,0.023860138
Europe_Eastern,natural gas,natural gas,natural gas,1975,N2O,0
Europe_Eastern,coal,coal,coal,1990,CH4,0.008634156
Europe_Eastern,coal,coal,coal,1990,N2O,0
Europe_Eastern,crude oil,crude oil,crude oil,1990,CH4,0.452815391
Europe_Eastern,crude oil,crude oil,crude oil,1990,N2O,0
Europe_Eastern,natural gas,natural gas,natural gas,1990,CH4,0.442162796
Europe_Eastern,natural gas,natural gas,natural gas,1990,N2O,0
Europe_Eastern,coal,coal,coal,2005,CH4,0.008510301
Europe_Eastern,coal,coal,coal,2005,N2O,0
Europe_Eastern,crude oil,crude oil,crude oil,2005,CH4,0.380829137
Europe_Eastern,crude oil,crude oil,crude oil,2005,N2O,0
Europe_Eastern,natural gas,natural gas,natural gas,2005,CH4,0.332724508
Europe_Eastern,natural gas,natural gas,natural gas,2005,N2O,0
Europe_Eastern,coal,coal,coal,2010,CH4,0.020444439
Europe_Eastern,coal,coal,coal,2010,N2O,0
Europe_Eastern,crude oil,crude oil,crude oil,2010,CH4,0.337132965
Europe_Eastern,crude oil,crude oil,crude oil,2010,N2O,0
Europe_Eastern,natural gas,natural gas,natural gas,2010,CH4,0.300110342
Europe_Eastern,natural gas,natural gas,natural gas,2010,N2O,0
Europe_Eastern,coal,coal,coal,2015,CH4,0.038598057
Europe_Eastern,coal,coal,coal,2015,N2O,0
Europe_Eastern,crude oil,crude oil,crude oil,2015,CH4,0.354957542
Europe_Eastern,crude oil,crude oil,crude oil,2015,N2O,0
Europe_Eastern,natural gas,natural gas,natural gas,2015,CH4,0.337804658
Europe_Eastern,natural gas,natural gas,natural gas,2015,N2O,0
Europe_Non_EU,coal,coal,coal,1975,CH4,0.271833581
Europe_Non_EU,coal,coal,coal,1975,N2O,0
Europe_Non_EU,crude oil,crude oil,crude oil,1975,CH4,0.238248001
Europe_Non_EU,crude oil,crude oil,crude oil,1975,N2O,0
Europe_Non_EU,natural gas,natural gas,natural gas,1975,CH4,0.238248001
Europe_Non_EU,natural gas,natural gas,natural gas,1975,N2O,0
Europe_Non_EU,coal,coal,coal,1990,CH4,0.16587875
Europe_Non_EU,coal,coal,coal,1990,N2O,0
Europe_Non_EU,crude oil,crude oil,crude oil,1990,CH4,0.169626841
Europe_Non_EU,crude oil,crude oil,crude oil,1990,N2O,0
Europe_Non_EU,natural gas,natural gas,natural gas,1990,CH4,0.169626841
Europe_Non_EU,natural gas,natural gas,natural gas,1990,N2O,0
Europe_Non_EU,coal,coal,coal,2005,CH4,0.126737442
Europe_Non_EU,coal,coal,coal,2005,N2O,0
Europe_Non_EU,crude oil,crude oil,crude oil,2005,CH4,0.183032782
Europe_Non_EU,crude oil,crude oil,crude oil,2005,N2O,0
Europe_Non_EU,natural gas,natural gas,natural gas,2005,CH4,0.183032782
Europe_Non_EU,natural gas,natural gas,natural gas,2005,N2O,0
Europe_Non_EU,coal,coal,coal,2010,CH4,0.121051299
Europe_Non_EU,coal,coal,coal,2010,N2O,0
Europe_Non_EU,crude oil,crude oil,crude oil,2010,CH4,0.170588778
Europe_Non_EU,crude oil,crude oil,crude oil,2010,N2O,7.87E-07
Europe_Non_EU,natural gas,natural gas,natural gas,2010,CH4,0.170588778
Europe_Non_EU,natural gas,natural gas,natural gas,2010,N2O,7.87E-07
Europe_Non_EU,coal,coal,coal,2015,CH4,0.134704175
Europe_Non_EU,coal,coal,coal,2015,N2O,0
Europe_Non_EU,crude oil,crude oil,crude oil,2015,CH4,0.17012394
Europe_Non_EU,crude oil,crude oil,crude oil,2015,N2O,0
Europe_Non_EU,natural gas,natural gas,natural gas,2015,CH4,0.17012394
Europe_Non_EU,natural gas,natural gas,natural gas,2015,N2O,0
European Free Trade Association,coal,coal,coal,1975,CH4,0.34335099
European Free Trade Association,coal,coal,coal,1975,N2O,0
European Free Trade Association,crude oil,crude oil,crude oil,1975,CH4,0.027757622
European Free Trade Association,crude oil,crude oil,crude oil,1975,N2O,0
European Free Trade Association,natural gas,natural gas,natural gas,1975,CH4,0.027757622
European Free Trade Association,natural gas,natural gas,natural gas,1975,N2O,0
European Free Trade Association,coal,coal,coal,1990,CH4,0.320356952
European Free Trade Association,coal,coal,coal,1990,N2O,0
European Free Trade Association,crude oil,crude oil,crude oil,1990,CH4,0.006231785
European Free Trade Association,crude oil,crude oil,crude oil,1990,N2O,0
European Free Trade Association,natural gas,natural gas,natural gas,1990,CH4,0.006231785
European Free Trade Association,natural gas,natural gas,natural gas,1990,N2O,0
European Free Trade Association,coal,coal,coal,2005,CH4,0.048613476
European Free Trade Association,coal,coal,coal,2005,N2O,0
European Free Trade Association,crude oil,crude oil,crude oil,2005,CH4,0.004844011
European Free Trade Association,crude oil,crude oil,crude oil,2005,N2O,0
European Free Trade Association,natural gas,natural gas,natural gas,2005,CH4,0.004844011
European Free Trade Association,natural gas,natural gas,natural gas,2005,N2O,0
European Free Trade Association,coal,coal,coal,2010,CH4,0.028083561
European Free Trade Association,coal,coal,coal,2010,N2O,0
European Free Trade Association,crude oil,crude oil,crude oil,2010,CH4,0.004902604
European Free Trade Association,crude oil,crude oil,crude oil,2010,N2O,7.87E-07
European Free Trade Association,natural gas,natural gas,natural gas,2010,CH4,0.004902604
European Free Trade Association,natural gas,natural gas,natural gas,2010,N2O,7.87E-07
European Free Trade Association,coal,coal,coal,2015,CH4,0.038887496
European Free Trade Association,coal,coal,coal,2015,N2O,0
European Free Trade Association,crude oil,crude oil,crude oil,2015,CH4,0.004967364
European Free Trade Association,crude oil,crude oil,crude oil,2015,N2O,0
European Free Trade Association,natural gas,natural gas,natural gas,2015,CH4,0.004967364
European Free Trade Association,natural gas,natural gas,natural gas,2015,N2O,0
India,coal,coal,coal,1975,CH4,0.491185455
India,coal,coal,coal,1975,N2O,0
India,crude oil,crude oil,crude oil,1975,CH4,0.213608602
India,crude oil,crude oil,crude oil,1975,N2O,0
India,natural gas,natural gas,natural gas,1975,CH4,0.213608602
India,natural gas,natural gas,natural gas,1975,N2O,0
India,coal,coal,coal,1990,CH4,0.2681206
India,coal,coal,coal,1990,N2O,0
India,crude oil,crude oil,crude oil,1990,CH4,0.165926631
India,crude oil,crude oil,crude oil,1990,N2O,0
India,natural gas,natural gas,natural gas,1990,CH4,0.165926631
India,natural gas,natural gas,natural gas,1990,N2O,0
India,coal,coal,coal,2005,CH4,0.254405721
India,coal,coal,coal,2005,N2O,0
India,crude oil,crude oil,crude oil,2005,CH4,0.226483442
India,crude oil,crude oil,crude oil,2005,N2O,0
India,natural gas,natural gas,natural gas,2005,CH4,0.226483442
India,natural gas,natural gas,natural gas,2005,N2O,0
India,coal,coal,coal,2010,CH4,0.251792742
India,coal,coal,coal,2010,N2O,0
India,crude oil,crude oil,crude oil,2010,CH4,0.250681477
India,crude oil,crude oil,crude oil,2010,N2O,7.87E-07
India,natural gas,natural gas,natural gas,2010,CH4,0.250681477
India,natural gas,natural gas,natural gas,2010,N2O,7.87E-07
India,coal,coal,coal,2015,CH4,0.246331612
India,coal,coal,coal,2015,N2O,0
India,crude oil,crude oil,crude oil,2015,CH4,0.258201118
India,crude oil,crude oil,crude oil,2015,N2O,0
India,natural gas,natural gas,natural gas,2015,CH4,0.258201118
India,natural gas,natural gas,natural gas,2015,N2O,0
Indonesia,coal,coal,coal,1975,CH4,0.491185455
Indonesia,coal,coal,coal,1975,N2O,0
Indonesia,crude oil,crude oil,crude oil,1975,CH4,0.392040911
Indonesia,crude oil,crude oil,crude oil,1975,N2O,0
Indonesia,natural gas,natural gas,natural gas,1975,CH4,0.397931523
Indonesia,natural gas,natural gas,natural gas,1975,N2O,0
Indonesia,coal,coal,coal,1990,CH4,0.382951108
Indonesia,coal,coal,coal,1990,N2O,0
Indonesia,crude oil,crude oil,crude oil,1990,CH4,0.452815391
Indonesia,crude oil,crude oil,crude oil,1990,N2O,0
Indonesia,natural gas,natural gas,natural gas,1990,CH4,0.442162796
Indonesia,natural gas,natural gas,natural gas,1990,N2O,0
Indonesia,coal,coal,coal,2005,CH4,0.266570496
Indonesia,coal,coal,coal,2005,N2O,0
Indonesia,crude oil,crude oil,crude oil,2005,CH4,0.332724508
Indonesia,crude oil,crude oil,crude oil,2005,N2O,0
Indonesia,natural gas,natural gas,natural gas,2005,CH4,0.332724508
Indonesia,natural gas,natural gas,natural gas,2005,N2O,0
Indonesia,coal,coal,coal,2010,CH4,0.270226267
Indonesia,coal,coal,coal,2010,N2O,0
Indonesia,crude oil,crude oil,crude oil,2010,CH4,0.315672463
Indonesia,crude oil,crude oil,crude oil,2010,N2O,7.87E-07
Indonesia,natural gas,natural gas,natural gas,2010,CH4,0.300110342
Indonesia,natural gas,natural gas,natural gas,2010,N2O,7.87E-07
Indonesia,coal,coal,coal,2015,CH4,0.256594838
Indonesia,coal,coal,coal,2015,N2O,0
Indonesia,crude oil,crude oil,crude oil,2015,CH4,0.337804658
Indonesia,crude oil,crude oil,crude oil,2015,N2O,0
Indonesia,natural gas,natural gas,natural gas,2015,CH4,0.337804658
Indonesia,natural gas,natural gas,natural gas,2015,N2O,0
Japan,coal,coal,coal,1975,CH4,0.491185455
Japan,coal,coal,coal,1975,N2O,0
Japan,crude oil,crude oil,crude oil,1975,CH4,0.070138307
Japan,crude oil,crude oil,crude oil,1975,N2O,0
Japan,natural gas,natural gas,natural gas,1975,CH4,0.070138307
Japan,natural gas,natural gas,natural gas,1975,N2O,0
Japan,coal,coal,coal,1990,CH4,0.382951108
Japan,coal,coal,coal,1990,N2O,0
Japan,crude oil,crude oil,crude oil,1990,CH4,0.106605511
Japan,crude oil,crude oil,crude oil,1990,N2O,0
Japan,natural gas,natural gas,natural gas,1990,CH4,0.106605511
Japan,natural gas,natural gas,natural gas,1990,N2O,0
Japan,coal,coal,coal,2005,CH4,0.163563252
Japan,coal,coal,coal,2005,N2O,0
Japan,crude oil,crude oil,crude oil,2005,CH4,0.100846105
Japan,crude oil,crude oil,crude oil,2005,N2O,0
Japan,natural gas,natural gas,natural gas,2005,CH4,0.100846105
Japan,natural gas,natural gas,natural gas,2005,N2O,0
Japan,coal,coal,coal,2010,CH4,0.128562194
Japan,coal,coal,coal,2010,N2O,0
Japan,crude oil,crude oil,crude oil,2010,CH4,0.094896421
Japan,crude oil,crude oil,crude oil,2010,N2O,0
Japan,natural gas,natural gas,natural gas,2010,CH4,0.094896421
Japan,natural gas,natural gas,natural gas,2010,N2O,0
Japan,coal,coal,coal,2015,CH4,0.099687812
Japan,coal,coal,coal,2015,N2O,0
Japan,crude oil,crude oil,crude oil,2015,CH4,0.124808582
Japan,crude oil,crude oil,crude oil,2015,N2O,0
Japan,natural gas,natural gas,natural gas,2015,CH4,0.124808582
Japan,natural gas,natural gas,natural gas,2015,N2O,0
Mexico,coal,coal,coal,1975,CH4,0.491185455
Mexico,coal,coal,coal,1975,N2O,0
Mexico,crude oil,crude oil,crude oil,1975,CH4,0.392040911
Mexico,crude oil,crude oil,crude oil,1975,N2O,0
Mexico,natural gas,natural gas,natural gas,1975,CH4,0.397931523
Mexico,natural gas,natural gas,natural gas,1975,N2O,0
Mexico,coal,coal,coal,1990,CH4,0.308106919
Mexico,coal,coal,coal,1990,N2O,0
Mexico,crude oil,crude oil,crude oil,1990,CH4,0.157040677
Mexico,crude oil,crude oil,crude oil,1990,N2O,0
Mexico,natural gas,natural gas,natural gas,1990,CH4,0.157040677
Mexico,natural gas,natural gas,natural gas,1990,N2O,0
Mexico,coal,coal,coal,2005,CH4,0.201192595
Mexico,coal,coal,coal,2005,N2O,0
Mexico,crude oil,crude oil,crude oil,2005,CH4,0.148480745
Mexico,crude oil,crude oil,crude oil,2005,N2O,0
Mexico,natural gas,natural gas,natural gas,2005,CH4,0.148480745
Mexico,natural gas,natural gas,natural gas,2005,N2O,0
Mexico,coal,coal,coal,2010,CH4,0.206350922
Mexico,coal,coal,coal,2010,N2O,0
Mexico,crude oil,crude oil,crude oil,2010,CH4,0.189582746
Mexico,crude oil,crude oil,crude oil,2010,N2O,7.87E-07
Mexico,natural gas,natural gas,natural gas,2010,CH4,0.189582746
Mexico,natural gas,natural gas,natural gas,2010,N2O,7.87E-07
Mexico,coal,coal,coal,2015,CH4,0.237477656
Mexico,coal,coal,coal,2015,N2O,0
Mexico,crude oil,crude oil,crude oil,2015,CH4,0.194565596
Mexico,crude oil,crude oil,crude oil,2015,N2O,0
Mexico,natural gas,natural gas,natural gas,2015,CH4,0.194565596
Mexico,natural gas,natural gas,natural gas,2015,N2O,0
Middle East,coal,coal,coal,1975,CH4,0.491185455
Middle East,coal,coal,coal,1975,N2O,0
Middle East,crude oil,crude oil,crude oil,1975,CH4,0.392040911
Middle East,crude oil,crude oil,crude oil,1975,N2O,0
Middle East,natural gas,natural gas,natural gas,1975,CH4,0.397931523
Middle East,natural gas,natural gas,natural gas,1975,N2O,0
Middle East,coal,coal,coal,1990,CH4,0.382951108
Middle East,coal,coal,coal,1990,N2O,0
Middle East,crude oil,crude oil,crude oil,1990,CH4,0.330650625
Middle East,crude oil,crude oil,crude oil,1990,N2O,0
Middle East,natural gas,natural gas,natural gas,1990,CH4,0.330650625
Middle East,natural gas,natural gas,natural gas,1990,N2O,0
Middle East,coal,coal,coal,2005,CH4,0.266570496
Middle East,coal,coal,coal,2005,N2O,0
Middle East,crude oil,crude oil,crude oil,2005,CH4,0.230423001
Middle East,crude oil,crude oil,crude oil,2005,N2O,0
Middle East,natural gas,natural gas,natural gas,2005,CH4,0.230423001
Middle East,natural gas,natural gas,natural gas,2005,N2O,0
Middle East,coal,coal,coal,2010,CH4,0.270226267
Middle East,coal,coal,coal,2010,N2O,0
Middle East,crude oil,crude oil,crude oil,2010,CH4,0.233241605
Middle East,crude oil,crude oil,crude oil,2010,N2O,7.87E-07
Middle East,natural gas,natural gas,natural gas,2010,CH4,0.233241605
Middle East,natural gas,natural gas,natural gas,2010,N2O,7.87E-07
Middle East,coal,coal,coal,2015,CH4,0.256594838
Middle East,coal,coal,coal,2015,N2O,0
Middle East,crude oil,crude oil,crude oil,2015,CH4,0.223765105
Middle East,crude oil,crude oil,crude oil,2015,N2O,0
Middle East,natural gas,natural gas,natural gas,2015,CH4,0.223765105
Middle East,natural gas,natural gas,natural gas,2015,N2O,0
Pakistan,coal,coal,coal,1975,CH4,0.491185455
Pakistan,coal,coal,coal,1975,N2O,0
Pakistan,crude oil,crude oil,crude oil,1975,CH4,0.392040911
Pakistan,crude oil,crude oil,crude oil,1975,N2O,0
Pakistan,natural gas,natural gas,natural gas,1975,CH4,0.397931523
Pakistan,natural gas,natural gas,natural gas,1975,N2O,0
Pakistan,coal,coal,coal,1990,CH4,0.382951108
Pakistan,coal,coal,coal,1990,N2O,0
Pakistan,crude oil,crude oil,crude oil,1990,CH4,0.452815391
Pakistan,crude oil,crude oil,crude oil,1990,N2O,0
Pakistan,natural gas,natural gas,natural gas,1990,CH4,0.442162796
Pakistan,natural gas,natural gas,natural gas,1990,N2O,0
Pakistan,coal,coal,coal,2005,CH4,0.266570496
Pakistan,coal,coal,coal,2005,N2O,0
Pakistan,crude oil,crude oil,crude oil,2005,CH4,0.380829137
Pakistan,crude oil,crude oil,crude oil,2005,N2O,0
Pakistan,natural gas,natural gas,natural gas,2005,CH4,0.332724508
Pakistan,natural gas,natural gas,natural gas,2005,N2O,0
Pakistan,coal,coal,coal,2010,CH4,0.270226267
Pakistan,coal,coal,coal,2010,N2O,0
Pakistan,crude oil,crude oil,crude oil,2010,CH4,0.337132965
Pakistan,crude oil,crude oil,crude oil,2010,N2O,0
Pakistan,natural gas,natural gas,natural gas,2010,CH4,0.300110342
Pakistan,natural gas,natural gas,natural gas,2010,N2O,0
Pakistan,coal,coal,coal,2015,CH4,0.256594838
Pakistan,coal,coal,coal,2015,N2O,0
Pakistan,crude oil,crude oil,crude oil,2015,CH4,0.354957542
Pakistan,crude oil,crude oil,crude oil,2015,N2O,0
Pakistan,natural gas,natural gas,natural gas,2015,CH4,0.337804658
Pakistan,natural gas,natural gas,natural gas,2015,N2O,0
Russia,coal,coal,coal,1975,CH4,0.05926493
Russia,coal,coal,coal,1975,N2O,0
Russia,crude oil,crude oil,crude oil,1975,CH4,0.37707775
Russia,crude oil,crude oil,crude oil,1975,N2O,0
Russia,natural gas,natural gas,natural gas,1975,CH4,0.37707775
Russia,natural gas,natural gas,natural gas,1975,N2O,0
Russia,coal,coal,coal,1990,CH4,0.334368182
Russia,coal,coal,coal,1990,N2O,0
Russia,crude oil,crude oil,crude oil,1990,CH4,0.452815391
Russia,crude oil,crude oil,crude oil,1990,N2O,0
Russia,natural gas,natural gas,natural gas,1990,CH4,0.442162796
Russia,natural gas,natural gas,natural gas,1990,N2O,0
Russia,coal,coal,coal,2005,CH4,0.266570496
Russia,coal,coal,coal,2005,N2O,0
Russia,crude oil,crude oil,crude oil,2005,CH4,0.380273115
Russia,crude oil,crude oil,crude oil,2005,N2O,0
Russia,natural gas,natural gas,natural gas,2005,CH4,0.332724508
Russia,natural gas,natural gas,natural gas,2005,N2O,0
Russia,coal,coal,coal,2010,CH4,0.270226267
Russia,coal,coal,coal,2010,N2O,0
Russia,crude oil,crude oil,crude oil,2010,CH4,0.337132965
Russia,crude oil,crude oil,crude oil,2010,N2O,7.87E-07
Russia,natural gas,natural gas,natural gas,2010,CH4,0.300110342
Russia,natural gas,natural gas,natural gas,2010,N2O,7.87E-07
Russia,coal,coal,coal,2015,CH4,0.256594838
Russia,coal,coal,coal,2015,N2O,0
Russia,crude oil,crude oil,crude oil,2015,CH4,0.317565304
Russia,crude oil,crude oil,crude oil,2015,N2O,0
Russia,natural gas,natural gas,natural gas,2015,CH4,0.317565304
Russia,natural gas,natural gas,natural gas,2015,N2O,0
South Africa,coal,coal,coal,1975,CH4,0.266664156
South Africa,coal,coal,coal,1975,N2O,0
South Africa,crude oil,crude oil,crude oil,1975,CH4,0.392040911
South Africa,crude oil,crude oil,crude oil,1975,N2O,0
South Africa,natural gas,natural gas,natural gas,1975,CH4,0.397931523
South Africa,natural gas,natural gas,natural gas,1975,N2O,0
South Africa,coal,coal,coal,1990,CH4,0.243035585
South Africa,coal,coal,coal,1990,N2O,0
South Africa,crude oil,crude oil,crude oil,1990,CH4,0.452815391
South Africa,crude oil,crude oil,crude oil,1990,N2O,0
South Africa,natural gas,natural gas,natural gas,1990,CH4,0.442162796
South Africa,natural gas,natural gas,natural gas,1990,N2O,0
South Africa,coal,coal,coal,2005,CH4,0.218778695
South Africa,coal,coal,coal,2005,N2O,0
South Africa,crude oil,crude oil,crude oil,2005,CH4,0.380829137
South Africa,crude oil,crude oil,crude oil,2005,N2O,0
South Africa,natural gas,natural gas,natural gas,2005,CH4,0.332724508
South Africa,natural gas,natural gas,natural gas,2005,N2O,0
South Africa,coal,coal,coal,2010,CH4,0.224819416
South Africa,coal,coal,coal,2010,N2O,0
South Africa,crude oil,crude oil,crude oil,2010,CH4,0.337132965
South Africa,crude oil,crude oil,crude oil,2010,N2O,0
South Africa,natural gas,natural gas,natural gas,2010,CH4,0.300110342
South Africa,natural gas,natural gas,natural gas,2010,N2O,0
South Africa,coal,coal,coal,2015,CH4,0.229115893
South Africa,coal,coal,coal,2015,N2O,0
South Africa,crude oil,crude oil,crude oil,2015,CH4,0.354957542
South Africa,crude oil,crude oil,crude oil,2015,N2O,0
South Africa,natural gas,natural gas,natural gas,2015,CH4,0.337804658
South Africa,natural gas,natural gas,natural gas,2015,N2O,0
South America_Northern,coal,coal,coal,1975,CH4,0.491185455
South America_Northern,coal,coal,coal,1975,N2O,0
South America_Northern,crude oil,crude oil,crude oil,1975,CH4,0.392040911
South America_Northern,crude oil,crude oil,crude oil,1975,N2O,0
South America_Northern,natural gas,natural gas,natural gas,1975,CH4,0.397931523
South America_Northern,natural gas,natural gas,natural gas,1975,N2O,0
South America_Northern,coal,coal,coal,1990,CH4,0.382951108
South America_Northern,coal,coal,coal,1990,N2O,0
South America_Northern,crude oil,crude oil,crude oil,1990,CH4,0.452815391
South America_Northern,crude oil,crude oil,crude oil,1990,N2O,0
South America_Northern,natural gas,natural gas,natural gas,1990,CH4,0.442162796
South America_Northern,natural gas,natural gas,natural gas,1990,N2O,0
South America_Northern,coal,coal,coal,2005,CH4,0.266570496
South America_Northern,coal,coal,coal,2005,N2O,0
South America_Northern,crude oil,crude oil,crude oil,2005,CH4,0.380829137
South America_Northern,crude oil,crude oil,crude oil,2005,N2O,0
South America_Northern,natural gas,natural gas,natural gas,2005,CH4,0.332724508
South America_Northern,natural gas,natural gas,natural gas,2005,N2O,0
South America_Northern,coal,coal,coal,2010,CH4,0.270226267
South America_Northern,coal,coal,coal,2010,N2O,0
South America_Northern,crude oil,crude oil,crude oil,2010,CH4,0.337132965
South America_Northern,crude oil,crude oil,crude oil,2010,N2O,7.87E-07
South America_Northern,natural gas,natural gas,natural gas,2010,CH4,0.300110342
South America_Northern,natural gas,natural gas,natural gas,2010,N2O,7.87E-07
South America_Northern,coal,coal,coal,2015,CH4,0.256594838
South America_Northern,coal,coal,coal,2015,N2O,0
South America_Northern,crude oil,crude oil,crude oil,2015,CH4,0.354957542
South America_Northern,crude oil,crude oil,crude oil,2015,N2O,0
South America_Northern,natural gas,natural gas,natural gas,2015,CH4,0.337804658
South America_Northern,natural gas,natural gas,natural gas,2015,N2O,0
South America_Southern,coal,coal,coal,1975,CH4,0.491185455
South America_Southern,coal,coal,coal,1975,N2O,0
South America_Southern,crude oil,crude oil,crude oil,1975,CH4,0.392040911
South America_Southern,crude oil,crude oil,crude oil,1975,N2O,0
South America_Southern,natural gas,natural gas,natural gas,1975,CH4,0.397931523
South America_Southern,natural gas,natural gas,natural gas,1975,N2O,0
South America_Southern,coal,coal,coal,1990,CH4,0.382951108
South America_Southern,coal,coal,coal,1990,N2O,0
South America_Southern,crude oil,crude oil,crude oil,1990,CH4,0.452815391
South America_Southern,crude oil,crude oil,crude oil,1990,N2O,0
South America_Southern,natural gas,natural gas,natural gas,1990,CH4,0.442162796
South America_Southern,natural gas,natural gas,natural gas,1990,N2O,0
South America_Southern,coal,coal,coal,2005,CH4,0.266570496
South America_Southern,coal,coal,coal,2005,N2O,0
South America_Southern,crude oil,crude oil,crude oil,2005,CH4,0.380829137
South America_Southern,crude oil,crude oil,crude oil,2005,N2O,0
South America_Southern,natural gas,natural gas,natural gas,2005,CH4,0.332724508
South America_Southern,natural gas,natural gas,natural gas,2005,N2O,0
South America_Southern,coal,coal,coal,2010,CH4,0.270226267
South America_Southern,coal,coal,coal,2010,N2O,0
South America_Southern,crude oil,crude oil,crude oil,2010,CH4,0.337132965
South America_Southern,crude oil,crude oil,crude oil,2010,N2O,0
South America_Southern,natural gas,natural gas,natural gas,2010,CH4,0.300110342
South America_Southern,natural gas,natural gas,natural gas,2010,N2O,0
South America_Southern,coal,coal,coal,2015,CH4,0.256594838
South America_Southern,coal,coal,coal,2015,N2O,0
South America_Southern,crude oil,crude oil,crude oil,2015,CH4,0.354957542
South America_Southern,crude oil,crude oil,crude oil,2015,N2O,0
South America_Southern,natural gas,natural gas,natural gas,2015,CH4,0.337804658
South America_Southern,natural gas,natural gas,natural gas,2015,N2O,0
South Asia,coal,coal,coal,1975,CH4,0.411179391
South Asia,coal,coal,coal,1975,N2O,0
South Asia,crude oil,crude oil,crude oil,1975,CH4,0.392040911
South Asia,crude oil,crude oil,crude oil,1975,N2O,0
South Asia,natural gas,natural gas,natural gas,1975,CH4,0.397931523
South Asia,natural gas,natural gas,natural gas,1975,N2O,0
South Asia,coal,coal,coal,1990,CH4,0.382951108
South Asia,coal,coal,coal,1990,N2O,0
South Asia,crude oil,crude oil,crude oil,1990,CH4,0.234407883
South Asia,crude oil,crude oil,crude oil,1990,N2O,0
South Asia,natural gas,natural gas,natural gas,1990,CH4,0.234407883
South Asia,natural gas,natural gas,natural gas,1990,N2O,0
South Asia,coal,coal,coal,2005,CH4,0.266570496
South Asia,coal,coal,coal,2005,N2O,0
South Asia,crude oil,crude oil,crude oil,2005,CH4,0.380829137
South Asia,crude oil,crude oil,crude oil,2005,N2O,0
South Asia,natural gas,natural gas,natural gas,2005,CH4,0.332724508
South Asia,natural gas,natural gas,natural gas,2005,N2O,0
South Asia,coal,coal,coal,2010,CH4,0.270226267
South Asia,coal,coal,coal,2010,N2O,0
South Asia,crude oil,crude oil,crude oil,2010,CH4,0.337132965
South Asia,crude oil,crude oil,crude oil,2010,N2O,0
South Asia,natural gas,natural gas,natural gas,2010,CH4,0.300110342
South Asia,natural gas,natural gas,natural gas,2010,N2O,0
South Asia,coal,coal,coal,2015,CH4,0.256594838
South Asia,coal,coal,coal,2015,N2O,0
South Asia,crude oil,crude oil,crude oil,2015,CH4,0.354957542
South Asia,crude oil,crude oil,crude oil,2015,N2O,0
South Asia,natural gas,natural gas,natural gas,2015,CH4,0.337804658
South Asia,natural gas,natural gas,natural gas,2015,N2O,0
South Korea,coal,coal,coal,1975,CH4,0.491185455
South Korea,coal,coal,coal,1975,N2O,0
South Korea,crude oil,crude oil,crude oil,1975,CH4,0.392040911
South Korea,crude oil,crude oil,crude oil,1975,N2O,0
South Korea,natural gas,natural gas,natural gas,1975,CH4,0.397931523
South Korea,natural gas,natural gas,natural gas,1975,N2O,0
South Korea,coal,coal,coal,1990,CH4,0.382951108
South Korea,coal,coal,coal,1990,N2O,0
South Korea,crude oil,crude oil,crude oil,1990,CH4,0.452815391
South Korea,crude oil,crude oil,crude oil,1990,N2O,0
South Korea,natural gas,natural gas,natural gas,1990,CH4,0.442162796
South Korea,natural gas,natural gas,natural gas,1990,N2O,0
South Korea,coal,coal,coal,2005,CH4,0.266570496
South Korea,coal,coal,coal,2005,N2O,0
South Korea,crude oil,crude oil,crude oil,2005,CH4,0.380829137
South Korea,crude oil,crude oil,crude oil,2005,N2O,0
South Korea,natural gas,natural gas,natural gas,2005,CH4,0.332724508
South Korea,natural gas,natural gas,natural gas,2005,N2O,0
South Korea,coal,coal,coal,2010,CH4,0.270226267
South Korea,coal,coal,coal,2010,N2O,0
South Korea,crude oil,crude oil,crude oil,2010,CH4,0.337132965
South Korea,crude oil,crude oil,crude oil,2010,N2O,0
South Korea,natural gas,natural gas,natural gas,2010,CH4,0.300110342
South Korea,natural gas,natural gas,natural gas,2010,N2O,0
South Korea,coal,coal,coal,2015,CH4,0.256594838
South Korea,coal,coal,coal,2015,N2O,0
South Korea,crude oil,crude oil,crude oil,2015,CH4,0.354957542
South Korea,crude oil,crude oil,crude oil,2015,N2O,0
South Korea,natural gas,natural gas,natural gas,2015,CH4,0.337804658
South Korea,natural gas,natural gas,natural gas,2015,N2O,0
Southeast Asia,coal,coal,coal,1975,CH4,0.491185455
Southeast Asia,coal,coal,coal,1975,N2O,0
Southeast Asia,crude oil,crude oil,crude oil,1975,CH4,0.392040911
Southeast Asia,crude oil,crude oil,crude oil,1975,N2O,0
Southeast Asia,natural gas,natural gas,natural gas,1975,CH4,0.397931523
Southeast Asia,natural gas,natural gas,natural gas,1975,N2O,0
Southeast Asia,coal,coal,coal,1990,CH4,0.382951108
Southeast Asia,coal,coal,coal,1990,N2O,0
Southeast Asia,crude oil,crude oil,crude oil,1990,CH4,0.308799943
Southeast Asia,crude oil,crude oil,crude oil,1990,N2O,0
Southeast Asia,natural gas,natural gas,natural gas,1990,CH4,0.308799943
Southeast Asia,natural gas,natural gas,natural gas,1990,N2O,0
Southeast Asia,coal,coal,coal,2005,CH4,0.266570496
Southeast Asia,coal,coal,coal,2005,N2O,0
Southeast Asia,crude oil,crude oil,crude oil,2005,CH4,0.268672755
Southeast Asia,crude oil,crude oil,crude oil,2005,N2O,0
Southeast Asia,natural gas,natural gas,natural gas,2005,CH4,0.268672755
Southeast Asia,natural gas,natural gas,natural gas,2005,N2O,0
Southeast Asia,coal,coal,coal,2010,CH4,0.270226267
Southeast Asia,coal,coal,coal,2010,N2O,0
Southeast Asia,crude oil,crude oil,crude oil,2010,CH4,0.294066924
Southeast Asia,crude oil,crude oil,crude oil,2010,N2O,0
Southeast Asia,natural gas,natural gas,natural gas,2010,CH4,0.294066924
Southeast Asia,natural gas,natural gas,natural gas,2010,N2O,0
Southeast Asia,coal,coal,coal,2015,CH4,0.256594838
Southeast Asia,coal,coal,coal,2015,N2O,0
Southeast Asia,crude oil,crude oil,crude oil,2015,CH4,0.324105888
Southeast Asia,crude oil,crude oil,crude oil,2015,N2O,0
Southeast Asia,natural gas,natural gas,natural gas,2015,CH4,0.324105888
Southeast Asia,natural gas,natural gas,natural gas,2015,N2O,0
Taiwan,coal,coal,coal,1975,CH4,0.491185455
Taiwan,coal,coal,coal,1975,N2O,0
Taiwan,crude oil,crude oil,crude oil,1975,CH4,0.365220154
Taiwan,crude oil,crude oil,crude oil,1975,N2O,0
Taiwan,natural gas,natural gas,natural gas,1975,CH4,0.365220154
Taiwan,natural gas,natural gas,natural gas,1975,N2O,0
Taiwan,coal,coal,coal,1990,CH4,0.382951108
Taiwan,coal,coal,coal,1990,N2O,0
Taiwan,crude oil,crude oil,crude oil,1990,CH4,0.442162796
Taiwan,crude oil,crude oil,crude oil,1990,N2O,0
Taiwan,natural gas,natural gas,natural gas,1990,CH4,0.442162796
Taiwan,natural gas,natural gas,natural gas,1990,N2O,0
Taiwan,coal,coal,coal,2005,CH4,0.266570496
Taiwan,coal,coal,coal,2005,N2O,0
Taiwan,crude oil,crude oil,crude oil,2005,CH4,0.380829137
Taiwan,crude oil,crude oil,crude oil,2005,N2O,0
Taiwan,natural gas,natural gas,natural gas,2005,CH4,0.332724508
Taiwan,natural gas,natural gas,natural gas,2005,N2O,0
Taiwan,coal,coal,coal,2010,CH4,0.270226267
Taiwan,coal,coal,coal,2010,N2O,0
Taiwan,crude oil,crude oil,crude oil,2010,CH4,0.337132965
Taiwan,crude oil,crude oil,crude oil,2010,N2O,0
Taiwan,natural gas,natural gas,natural gas,2010,CH4,0.300110342
Taiwan,natural gas,natural gas,natural gas,2010,N2O,0
Taiwan,coal,coal,coal,2015,CH4,0.256594838
Taiwan,coal,coal,coal,2015,N2O,0
Taiwan,crude oil,crude oil,crude oil,2015,CH4,0.354957542
Taiwan,crude oil,crude oil,crude oil,2015,N2O,0
Taiwan,natural gas,natural gas,natural gas,2015,CH4,0.337804658
Taiwan,natural gas,natural gas,natural gas,2015,N2O,0
Argentina,coal,coal,coal,1975,CH4,0.491185455
Argentina,coal,coal,coal,1975,N2O,0
Argentina,crude oil,crude oil,crude oil,1975,CH4,0.392040911
Argentina,crude oil,crude oil,crude oil,1975,N2O,0
Argentina,natural gas,natural gas,natural gas,1975,CH4,0.397931523
Argentina,natural gas,natural gas,natural gas,1975,N2O,0
Argentina,coal,coal,coal,1990,CH4,0.382951108
Argentina,coal,coal,coal,1990,N2O,0
Argentina,crude oil,crude oil,crude oil,1990,CH4,0.452815391
Argentina,crude oil,crude oil,crude oil,1990,N2O,0
Argentina,natural gas,natural gas,natural gas,1990,CH4,0.442162796
Argentina,natural gas,natural gas,natural gas,1990,N2O,0
Argentina,coal,coal,coal,2005,CH4,0.266570496
Argentina,coal,coal,coal,2005,N2O,0
Argentina,crude oil,crude oil,crude oil,2005,CH4,0.380829137
Argentina,crude oil,crude oil,crude oil,2005,N2O,0
Argentina,natural gas,natural gas,natural gas,2005,CH4,0.332724508
Argentina,natural gas,natural gas,natural gas,2005,N2O,0
Argentina,coal,coal,coal,2010,CH4,0.270226267
Argentina,coal,coal,coal,2010,N2O,0
Argentina,crude oil,crude oil,crude oil,2010,CH4,0.337132965
Argentina,crude oil,crude oil,crude oil,2010,N2O,7.87E-07
Argentina,natural gas,natural gas,natural gas,2010,CH4,0.300110342
Argentina,natural gas,natural gas,natural gas,2010,N2O,7.87E-07
Argentina,coal,coal,coal,2015,CH4,0.256594838
Argentina,coal,coal,coal,2015,N2O,0
Argentina,crude oil,crude oil,crude oil,2015,CH4,0.354957542
Argentina,crude oil,crude oil,crude oil,2015,N2O,0
Argentina,natural gas,natural gas,natural gas,2015,CH4,0.337804658
Argentina,natural gas,natural gas,natural gas,2015,N2O,0
Colombia,coal,coal,coal,1975,CH4,0.344307968
Colombia,coal,coal,coal,1975,N2O,0
Colombia,crude oil,crude oil,crude oil,1975,CH4,0.392040911
Colombia,crude oil,crude oil,crude oil,1975,N2O,0
Colombia,natural gas,natural gas,natural gas,1975,CH4,0.397931523
Colombia,natural gas,natural gas,natural gas,1975,N2O,0
Colombia,coal,coal,coal,1990,CH4,0.097353307
Colombia,coal,coal,coal,1990,N2O,0
Colombia,crude oil,crude oil,crude oil,1990,CH4,0.452815391
Colombia,crude oil,crude oil,crude oil,1990,N2O,0
Colombia,natural gas,natural gas,natural gas,1990,CH4,0.442162796
Colombia,natural gas,natural gas,natural gas,1990,N2O,0
Colombia,coal,coal,coal,2005,CH4,0.10733453
Colombia,coal,coal,coal,2005,N2O,0
Colombia,crude oil,crude oil,crude oil,2005,CH4,0.380829137
Colombia,crude oil,crude oil,crude oil,2005,N2O,0
Colombia,natural gas,natural gas,natural gas,2005,CH4,0.332724508
Colombia,natural gas,natural gas,natural gas,2005,N2O,0
Colombia,coal,coal,coal,2010,CH4,0.10429771
Colombia,coal,coal,coal,2010,N2O,0
Colombia,crude oil,crude oil,crude oil,2010,CH4,0.337132965
Colombia,crude oil,crude oil,crude oil,2010,N2O,0
Colombia,natural gas,natural gas,natural gas,2010,CH4,0.300110342
Colombia,natural gas,natural gas,natural gas,2010,N2O,0
Colombia,coal,coal,coal,2015,CH4,0.091903798
Colombia,coal,coal,coal,2015,N2O,0
Colombia,crude oil,crude oil,crude oil,2015,CH4,0.354957542
Colombia,crude oil,crude oil,crude oil,2015,N2O,0
Colombia,natural gas,natural gas,natural gas,2015,CH4,0.337804658
Colombia,natural gas,natural gas,natural gas,2015,N2O,0
,,,,,,
,,,,,,
,,,,,,
,,,,,,
,,,,,,
,,,,,,
,,,,,,
,,,,,,
,,,,,,
,,,,,,
,,,,,,
,,,,,,
,,,,,,
,,,,,,
,,,,,,
,,,,,,
,,,,,,
,,,,,,
,,,,,,
,,,,,,
,,,,,,
,,,,,,
,,,,,,
,,,,,,
,,,,,,
,,,,,,
,,,,,,
,,,,,,
,,,,,,
,,,,,,
,,,,,,
,,,,,,
,,,,,,
,,,,,,
,,,,,,
,,,,,,
,,,,,,
,,,,,,
,,,,,,
,,,,,,
,,,,,,
,,,,,,
,,,,,,
,,,,,,
,,,,,,
,,,,,,
,,,,,,
,,,,,,
,,,,,,
,,,,,,
,,,,,,
,,,,,,
,,,,,,
,,,,,,
,,,,,,
,,,,,,
,,,,,,
,,,,,,
,,,,,,
,,,,,,
,,,,,,
,,,,,,
,,,,,,
,,,,,,
,,,,,,
,,,,,,
,,,,,,
,,,,,,
,,,,,,
,,,,,,
,,,,,,
,,,,,,
,,,,,,
,,,,,,
,,,,,,
,,,,,,
,,,,,,
,,,,,,
,,,,,,
,,,,,,
,,,,,,
,,,,,,
,,,,,,
,,,,,,
,,,,,,
,,,,,,
,,,,,,
,,,,,,
,,,,,,
,,,,,,
,,,,,,
,,,,,,
,,,,,,
,,,,,,
,,,,,,
,,,,,,
,,,,,,
,,,,,,
,,,,,,
,,,,,,
,,,,,,
,,,,,,
,,,,,,
,,,,,,
,,,,,,
,,,,,,
,,,,,,
,,,,,,
,,,,,,
,,,,,,
,,,,,,
,,,,,,
,,,,,,
,,,,,,
,,,,,,
,,,,,,
,,,,,,
,,,,,,
,,,,,,
,,,,,,
,,,,,,
,,,,,,
,,,,,,
,,,,,,
,,,,,,
,,,,,,
,,,,,,
,,,,,,
,,,,,,
,,,,,,
,,,,,,
,,,,,,
,,,,,,
,,,,,,
,,,,,,
,,,,,,
,,,,,,
,,,,,,
,,,,,,
,,,,,,
,,,,,,
,,,,,,
,,,,,,
,,,,,,
,,,,,,
,,,,,,
,,,,,,
,,,,,,
,,,,,,
,,,,,,
,,,,,,
,,,,,,
,,,,,,
,,,,,,
,,,,,,
,,,,,,
,,,,,,
,,,,,,
,,,,,,
,,,,,,
,,,,,,
,,,,,,
,,,,,,
,,,,,,
,,,,,,
,,,,,,
,,,,,,
,,,,,,
,,,,,,
,,,,,,
,,,,,,
,,,,,,
,,,,,,
,,,,,,
,,,,,,
,,,,,,
,,,,,,
,,,,,,
,,,,,,
,,,,,,
,,,,,,
,,,,,,
,,,,,,
,,,,,,
,,,,,,
,,,,,,
,,,,,,
,,,,,,
,,,,,,
,,,,,,
,,,,,,
,,,,,,
,,,,,,
,,,,,,
,,,,,,
,,,,,,
,,,,,,
,,,,,,
,,,,,,
,,,,,,
,,,,,,
,,,,,,
,,,,,,
,,,,,,
